9,"Latitude","Longitude","Date","Year","Militant Leaders Killed","militant_deaths_min","militant_deaths_max","civilian_deaths_min","civilian_deaths_max","deaths_min","deaths_max","Assumed Target","Source One","Source One link","Source Two","Source Two Link","Source Three","Source Three Link","Notes"
"Makeen, South Waziristan (funeral of militants killed in earlier strike)",32.609882,69.833221,"June 23, 2009",2009,"Mullah Sangeen, the Afghan commander of TTP (though reported to have been killed two other times and he surfaced",45,45,0,38,45,83,"Baitullah Mehsud","New York Times","http://www.nytimes.com/2009/06/24/world/asia/24pstan.html?_r=1&amp;hpw","Times Online","http://www.timesonline.co.uk/tol/news/world/asia/article6567112.ece",,,
"Mami Rogha, 26 miles west of Miram Shah, North Waziristan",33.109947,70.068054,"June 19, 2007",2007,"none",32,32," ",,32,32,"Taliban and al Qaeda militants","Reuters","http://www.reuters.com/article/idUSISL13654620070619?pageNumber=1",,,,,
"Sur Pul, near Parachinar, Kurram Agency",32.520184,69.868927,"February 16, 2009",2009,"unknown"," ",,31,31,31,31,"Camp of Afghan Commander Bahram Khan Kochi","CNN","http://www.cnn.com/2009/WORLD/asiapcf/02/16/pakistan.missile.strike/index.html","New York Times","http://www.nytimes.com/2009/02/17/world/asia/17pstan.html?ref=world","GeoTV","http://www.geo.tv/2-16-2009/35249.htm",
"Near Narsikhel, Ladha, South Waziristan",32.270878,69.589462,"February 14, 2009",2009,"none",25,25,5,5,30,30,"Baitullah Mehsud","New York Times","http://www.nytimes.com/2009/02/15/world/asia/15pstan.html?_r=1","Reuters","http://www.reuters.com/article/worldNews/idUSTRE51D0XH20090214","GeoTV","http://www.geo.tv/2-14-2009/35134.htm",
"Danday Darpakhel near Miranshah, North Waziristan",33.046658,69.539337,"September 8, 2008",2008,"Abu Haris, AQ chief in Pakistan",3,3,25,25,28,28,"Abu Haris, AQ chief in Pakistan","CNN","http://www.cnn.com/2008/WORLD/asiapcf/09/09/pakistan.alqaeda.killed/index.html","Reuters","http://www.reuters.com/article/idUSISL341948",,,
"Deegan/Muhammad Khel/Pai Khel/Toor Narai villages, Datta Khel, 30km west of Miram Shah, North Waziristan",33.001755,69.713058,"February 2, 2010",2010,"unknown",14,16,13,17,27,33,"Militant training center (TALIBAN)","GeoTV","http://geo.tv/2-2-2010/58408.htm","Al Jazeera","http://english.aljazeera.net/news/asia/2010/02/201022151350906994.html","Daily Times","http://www.dailytimes.com.pk/default.asp?page=2010%5C02%5C03%5Cstory_3-2-2010_pg7_7",
"Khesoor, 18 miles east of Miram Shah, North Waziristan",32.298161,69.349136,"May 16, 2009",2009,"unknown",25,25," ",,25,25,"A madrassa (according to The News); Islamic school thought to be a training facility for militants (according to NYT)","Dawn","http://www.dawn.com/wps/wcm/connect/dawn-content-library/dawn/news/pakistan/provinces/16-us-drone-attack-in-north-waziristan-3-killed-hs-08","CNN","http://www.cnn.com/2009/WORLD/asiapcf/05/16/pakistan.missile.strikes/index.html","Al Jazeera","http://english.aljazeera.net/news/asia/2009/05/20095164639783704.html",
"Damadola, Bajaur",33.010391,70.043335,"January 14, 2006",2006,"none",18,18,0,,18,18,"bu Khabab al Masri (escaped); Ayman al Zawahiri (escaped)","CNN","http://www.cnn.com/2008/WORLD/asiapcf/07/29/pakistan.strike/index.html",,,,,
"Laddha, Karwan Manza, South Waziristan (2 in same day in same location)",32.623184,69.841461,"July 8, 2009",2009,"unknown",17,40,0,23,17,63,"Baitullah Mehsud (BM)","Dawn","http://www.dawn.com/wps/wcm/connect/dawn-content-library/dawn/news/pakistan/04-suspected-us-missile-strike-hits-south-waziristan-qs-08","Reuters","http://www.reuters.com/article/worldNews/idUSISL33522720090708","GeoTV","http://www.geo.tv/7-8-2009/45602.htm",
"Dhook Pir Bagh, near Wana, South Waziristan",33.089241,69.904633,"March 16, 2008",2008,"none"," ",,16,16,16,16,"house of a local tribesman","Agence France Press","http://afp.google.com/article/ALeqM5ieNDdDm_oqTjerCGSuiRSfmVk0gA",,,,,
"Mohammad Khel, near Datta Khel, North Waziristan",33.001755,69.704132,"October 3, 2008",2008,"none",16,21,0,,16,21,"Haqqani network","GeoTV","http://www.geo.tv/10-4-2008/26211.htm",,,,,
"Musa Nikow, Barmal area of Angorada, South Waziristan",33.014420,70.061188,"September 3, 2008",2008,"unknown"," ",,15,19,15,19,"Al Qaeda and Taliban militants","GeoTV","http://www.geo.tv/9-3-2008/24063.htm","New York Times","http://www.nytimes.com/2008/09/11/world/asia/11pstan.html",,,"This is the ground incursion and is NOT included in the total number of strikes, but I included it in the total number of casualties because civilians were killed from the helicopters that dropped the troops off."
"Mir Ali, North Waziristan",32.298740,69.540710,"October 31, 2008",2008,"Abu Jihad al Masri and Abu Kasha/Abu Akash-unconfirmed; now believed to have escaped",0,,15,20,15,20,"Abu Jihad al Masri (AQ propaganda)","Agence France Press","http://afp.google.com/article/ALeqM5hFRj05wy4-L2HckvAXmlqSQKJ-yQ","BBC","http://news.bbc.co.uk/2/hi/in_depth/7702679.stm",,,
"Kumsham, 22 miles south of Miram Shah, North Waziristan",32.976700,70.269241,"November 7, 2008",2008,"none",8,8,6,6,14,14,"Taliban commander Hafiz Gul Bahadar","Agence France Press","http://afp.google.com/article/ALeqM5jlbsctRKE5_0vBDyyTTr7nkLW0yg",,,,,
"Jangara, Makeen, South Waziristan",32.285973,69.988403,"July 7, 2009",2009,"unknown",14,16,0,,14,16,"Baitullah Mehsud (BM)","New York Times","http://www.nytimes.com/aponline/2009/07/07/world/AP-AS-Pakistan.html?_r=1&amp;ref=world","Voice of America","http://www.voanews.com/english/2009-07-07-voa14.cfm","Al Jazeera","http://english.aljazeera.net/news/asia/2009/07/20097784914231489.html",
"Doga area, Datta Khel, North Waziristan",32.997147,69.672546,"May 11, 2010",2010,"unknown",14,14," ",,14,14,"Vehicle and compound used by militants (UNCLEAR)","Reuters","http://www.reuters.com/article/idUSTRE6480DY20100511","AP","http://news.yahoo.com/s/ap/20100511/ap_on_re_as/as_pakistan","Al Jazeera","http://english.aljazeera.net/news/asia/2010/05/201051181854906102.html",
"Near Mir Ali, North Waziristan",32.992538,70.098953,"January 29, 2008",2008,"Abu Laith al Libi"," ",,13,13,13,13,"Abu Laith al Libi","CNN","http://www.cnn.com/2008/US/January 31/alqaeda.death/index.html","Washington Post","http://www.washingtonpost.com/wp-dyn/content/article/2008/03/27/AR2008032700007_pf.html","BBC","http://news.bbc.co.uk/2/hi/south_asia/7220823.stm",
"Azam Warsak, west of Wana, South Waziristan",32.307446,69.565430,"February 28, 2008",2008,"none",13,13,0,,13,13,"Al Qaeda and Taliban camp","Dawn","http://www.dawn.com/2008/02/28/welcome.htm#19","Washington Post","http://www.washingtonpost.com/wp-dyn/content/story/2008/03/27/ST2008032700935.html",,,
"Damadola, Bajaur",32.316151,69.462433,"May 14, 2008",2008,"Abu Suleyman Jazairi",0,,13,13,13,13,"Abu Suleyman Jazairi","Daily Times","http://www.dailytimes.com.pk/default.asp?page=2008%5C05%5C25%5Cstory_25-5-2008_pg7_1","LA Times","http://articles.latimes.com/2008/may/24/world/fg-militant24","Dawn","http://www.dawn.com/2009/02/09/top4.htm",
"Gurwak/Guvrek, North Waziristan",33.016724,69.848328,"September 5, 2008",2008,"none",5,7,7,7,12,14,"Haqqani network","Reuters","http://in.reuters.com/article/southAsiaNews/idINIndia-35333120080905","Washington Post","http://www.washingtonpost.com/wp-dyn/content/article/2008/09/05/AR2008090503649.html","New York Times","http://www.nytimes.com/2008/09/06/world/asia/06pstan.html?fta=y",
"Tol Khel on the outskirts of Miramshah, North Waziristan",33.014420,70.085907,"September 12, 2008",2008,"none",12,12,0,,12,12,"Hit a house rented by Al Badar, a Kashmiri terrorist group","Agence France Press","http://www.thestandard.com.hk/breaking_news_detail.asp?id=5916&amp;icid=4&amp;d_str=20080912",,,,,
"Garyom, near the border between North Waziristan and South Waziristan",32.751476,70.072174,"November 14, 2008",2008,"none",5,5,7,7,12,12,"“Tribal man,” Mir Gul (UNCLEAR)","Reuters","http://in.reuters.com/article/domesticNews/idINISL38258020081114",,,,,
"Nizba village, Shaktoi region, South Waziristan",32.667992,70.144958,"January 17, 2010",2010,"Shahid ullah, Hafiz Nizamuddin Storikhel, Khawarey and Mohtaj",12,20," ",,12,20,"Militant compound owned by Mehsud tribe/Hakimullah; house of Usman Jan, head of IMU (TALIBAN/OTHER)","Al Jazeera","http://english.aljazeera.net/news/asia/2010/January 20101178213701265.html","Wall Street Journal","http://online.wsj.com/article/SB10001424052748704247504575008703661959016.html","Reuters","http://www.reuters.com/article/idUSTRE60E3FO20100117","Shaktoi region is variously referred to as South Waziristan, North Waziristan, or the border region. I count its location based on the majority of reports about the strike in question."
"Barjo, Kurram Agency",32.490650,70.004883,"March 12, 2009",2009,"none",,,11,22,11,22,"Militant training camp","GeoTV","http://geo.tv/3-12-2009/37165.htm","CNN","http://www.cnn.com/2009/WORLD/asiapcf/03/12/pakistan.airstrike.drone/index.html","Washington Post","http://www.washingtonpost.com/wp-dyn/content/article/2009/03/13/AR2009031301065.html","Note, this is a very rough approximation of Barjo"
"Boya village, 12 miles west of Miram Shah, North Waziristan",32.997147,70.302887,"April 12, 2010",2010,"unknown",3,5,8,8,11,13,"Compound owned by local Taliban commander Tariq Khan","AP","http://news.yahoo.com/s/ap/20100413/ap_on_re_as/as_pakistan","GeoTV","http://geo.tv/4-12-2010/62850.htm","Agence France Press","http://news.yahoo.com/s/afp/20100412/wl_sthasia_afp/pakistanunrestusmissile",
"Sokhel village, 16 miles east of Miram Shah, North Waziristan",32.997147,69.656754,"June 21, 2010",2010,"Abu Ahmed",11,17," ",,11,17,"Government water supply plant where militants were meeting (TALIBAN/QAEDA)","The News","http://www.thenews.com.pk/updates.asp?id=106950","Tribune","http://tribune.com.pk/story/22407/10-killed-in-drone-strike-in-n-waziristan","BBC","http://news.bbc.co.uk/2/hi/south_asia/10356604.stm",
"Danday Darpa Khel, outskirts of Miram Shah, North Waziristan",34.841988,71.497650,"November 2, 2006",2006,"none",5,5,5,5,10,10,"Madrassa founded by Jalaluddin Haqqani","BBC","http://news.bbc.co.uk/2/hi/7075026.stm","Reuters","http://www.reuters.com/article/idUSISL274440","New York Times","http://www.nytimes.com/2007/11/03/world/asia/03drone.html?pagewanted=print",
"Zharki (Zera), near Mir Ali, North Waziristan",32.319633,69.501572,"January 23, 2009",2009,"none",5,5,5,5,10,10,"A militant compound run by a local named Khalil (TALIBAN)","Washington Post","http://www.washingtonpost.com/wp-dyn/content/article/2009/January 23/AR2009012304189.html","GeoTV","http://geo.tv/1-23-2009/33388.htm",,,
"Khadezai, Orakzai Agency",32.966618,70.320740,"January 4, 2009",2009,"unknown",10,12," ",,10,12,"Pakistani Taliban commander Baitullah Mehsud’s deputy, Hakimullah Mehsud (TALIBAN)","Reuters","http://www.reuters.com/article/idUSISL425281","Guardian","http://www.guardian.co.uk/uk/feedarticle/8432973","New York Times","http://www.nytimes.com/2009/04/02/world/asia/02pstan.html","this is a very rough approximation of the location of Khadezai"
"Kani Guram, four miles from Ladha, South Waziristan",32.582691,69.849014,"August 11, 2009",2009,"unknown",10,12," ",,10,12,"Taliban training camp","GeoTV","http://www.geo.tv/8-11-2009/47439.htm","Dawn","http://www.dawn.com/wps/wcm/connect/dawn-content-library/dawn/news/pakistan/04-suspected-us-missile-strike-kills-eight-southwaziristan-qs-07","Washington Post","http://www.washingtonpost.com/wp-dyn/content/article/2009/08/11/AR2009081100294.html?hpid=moreheadlines",
"Dargamandi village, 3 miles NW of Miram Shah, North Waziristan",32.995419,70.316620,"September 8, 2009",2009,"unknown",10,10,0,7,10,17,"House of a tribesman named Ismail Khan in Syedgai (UNCLEAR)","Agence France Press","http://www.google.com/hostednews/afp/article/ALeqM5ig_Wmpl0NFI9qedI39BXAPcDYlJw","GeoTV","http://geo.tv/9-8-2009/48908.htm","AL Jazeera","http://english.aljazeera.net/news/asia/2009/09/20099815473888170.html",
"Near Mir Ali, North Waziristan",32.959129,70.287094,"September 24, 2009",2009,"unknown",10,10,0,7,10,17,"Haqqani network","BBC","http://news.bbc.co.uk/2/hi/south_asia/8273997.stm","AP","http://www.google.com/hostednews/ap/article/ALeqM5hkiMxbHNH0BqgpWA2ZG6VD6wVTmAD9ATSGO00","Reuters","http://www.reuters.com/article/latestCrisis/idUSSP194296",
"Damadola, Bajaur, NWFP",32.989658,70.030975,"October 24, 2009",2009,"unknown",3,25,7,8,10,33,"Maulana Faqir Mohammed, Taliban commander of Bajaur","CNN","http://edition.cnn.com/2009/WORLD/asiapcf/10/25/pakistan.helicopter.crash","Daily Times","http://www.dailytimes.com.pk/default.asp?page=2009%5C10%5C25%5Cstory_25-10-2009_pg1_3","The Nation (Pakistan)","http://www.nation.com.pk/pakistan-news-newspaper-daily-english-online/Regional/Islamabad/24-Oct-2009/Death-toll-rises-to-27-in-Bajaur-drone-attack",
"Gaddi Maramay in Datta Khel, North Waziristan",32.869205,70.133972,"December 17, 2009",2009,"Zuhaib al-Zahibi, “well-known al Qaeda commander”",10,15," ",,10,15,"Haqqani network (HAQQANI/TALIBAN/QAEDA) (though reports are mixed)","BBC","http://news.bbc.co.uk/2/hi/south_asia/8417756.stm","CNN","http://edition.cnn.com/2009/WORLD/asiapcf/12/17/pakistan.drone","GeoTV","http://geo.tv/12-17-2009/54938.htm",
"Shaktoi village in the Pasalkot region of North Waziristan",32.991962,69.730911,"January 14, 2010",2010,"Abdul Basit Usman",10,18," ",,10,18,"Hakimullah Mehsud (Taliban)","New York Times","http://www.nytimes.com/2010/January 15/world/asia/15pstan.html?ref=world","AP","http://news.yahoo.com/s/ap/20100114/ap_on_re_as/as_pakistan","Agence France Press","http://news.yahoo.com/s/afp/20100114/ts_afp/pakistanunrestustaliban",
"Gorwek, near Afghan border, North Waziristan",32.995995,69.704819,"May 11, 2010",2010,"unknown",10,10," ",,10,10,"Compound used by militants (UNCLEAR)","Reuters","http://www.reuters.com/article/idUSTRE6480DY20100511","AP","http://news.yahoo.com/s/ap/20100511/ap_on_re_as/as_pakistan","GeoTV","http://geo.tv/5-11-2010/64728.htm",
"Bhagar, 22 miles west of Wana, South Waziristan",32.288296,69.439774,"August 13, 2008",2008,"Abdul Rehman",9,25," ",,9,25,"Abdul Rehman, Taliban commander","GeoTV","http://www.geo.tv/8-13-2008/22577.htm","Reuters","http://www.reuters.com/article/idUSSP214742","Long War Jounral","http://www.longwarjournal.org/archives/2008/08/crossborder_strike_t.php",
"Tati;20km east of Miram Shah, North Waziristan",32.998299,69.723358,"October 9, 2008",2008,"unknown",6,6,3,3,9,9,"Faisal Mohammad Sultan, a tribesman sympathetic to the militants cause; or house of local Taliban commander, Hafiz Sahar Gul","Reuters","http://www.reuters.com/article/newsOne/idUSTRE4986NO20081009","The News","http://www.thenews.com.pk/updates.asp?id=57380",,,
"Shah Alam, Birmal, near Wana, South Waziristan",32.524815,69.883347,"June 18, 2009",2009,"unknown",9,9,0,4,9,13,"Maulavi Nazir (TALIBAN)","BBC","http://news.bbc.co.uk/2/hi/south_asia/8106686.stm","Al Jazeera","http://english.aljazeera.net/news/asia/2009/06/200961875855867303.html","CNN","face=""Times New Roman"">, </FONT></SPAN><A href=""http://edition.cnn.com/2009/WORLD/asiapcf/06/18/pakistan.drone.attack",
"Darpa Khel, outside Miram Shah, North Waziristan",32.524239,69.794769,"August 21, 2009",2009,"unknown"," ",,9,21,9,21,"Haqqani network","Reuters","http://www.reuters.com/article/worldNews/idUSTRE57J6WM20090820","GeoTV","http://geo.tv/8-21-2009/47978.htm","AP","http://www.google.com/hostednews/ap/article/ALeqM5hkiMxbHNH0BqgpWA2ZG6VD6wVTmAD9A76K501",
"Inzarkas village, Datta Khel, North Waziristan",32.990234,70.315933,"May 9, 2010",2010,"unknown",9,10,0,1,9,11,"Militant compound (UNCLEAR)","Reuters","http://www.reuters.com/article/idUSTRE6480DY20100509","AP","http://news.yahoo.com/s/ap/20100509/ap_on_re_as/as_pakistan","Agence France Press","http://news.yahoo.com/s/afp/20100509/wl_asia_afp/pakistanunrest",
"Salamat Keley, Zamazola, 60km north of Wana, South Waziristan",33.016724,70.079041,"January 16, 2007",2007,"none",8,30," ",,8,30,"Al Qaeda and Taliban camp","Reuters Alertnet","http://www.alertnet.org/thenews/newsdesk/SP307520.htm","BBC","http://news.bbc.co.uk/2/hi/south_asia/6280153.stm","Washington Post","http://www.washingtonpost.com/wp-dyn/content/article/2007/January 15/AR2007011501358_pf.html","(some sources say this strike was operated by the Pakistani military; a resident told Reuters he saw a drone)"
"Wana, South Waziristan",32.311508,69.320984,"August 20, 2008",2008,"none",,,8,8,8,8,"House of Haji Yaqub, al Qaeda militant sympathizer; Mullah Nazir, Taliban rival of Baitullah Mehsud","Agence France Press","http://afp.google.com/article/ALeqM5grLj6xRsGSHp7FJtyLelxa6i3omA",,,,,
"Dilfaraz or Ghangi Khel, near Wana, South Waziristan",32.953369,70.262375,"January 23, 2009",2009,"none",,,8,10,8,10,"Gangi Khel in South Waziristan is located in the tribal areas commanded by Mullah Nazir, a Taliban chieftain and rival of Pakistani Taliban leader Baitullah Mehsud.","Washington Post","http://www.washingtonpost.com/wp-dyn/content/article/2009/January 23/AR2009012304189.html","GeoTV","http://geo.tv/1-23-2009/33388.htm","Long War Jounral","http://www.longwarjournal.org/archives/2009/January us_strikes_al_qaeda.php",
"Sararogha, near Wana, South Waziristan",33.683212,70.290527,"January 3, 2009",2009,"unknown",4,4,4,4,8,8,"Taliban stronghold; Mullah Nazir, Baitullah Mehsud’s rival","GeoTV","http://www.geo.tv/3-1-2009/36276.htm","Washington Post","http://www.washingtonpost.com/wp-dyn/content/article/2009/03/January AR2009030101890.html","New York Times","http://www.nytimes.com/2009/03/02/world/asia/02pstan.html",
"Gariwan, 19 miles south of Miram Shah, North Waziristan",32.320793,69.623795,"July 17, 2009",2009,"none",4,5,4,5,8,10,"Taliban militant camp","AP","http://www.google.com/hostednews/ap/article/ALeqM5hkiMxbHNH0BqgpWA2ZG6VD6wVTmAD99G6QO00","Agence France Press","http://www.google.com/hostednews/afp/article/ALeqM5hZ66bdnIqS9eEjbuOO1H9C2eL7Lg","Reuters","http://in.reuters.com/article/southAsiaNews/idINIndia-41120520090717",
"Machi Khel, near Mir Ali, North Waziristan",32.509182,69.798889,"September 7, 2009",2009,"Ilyas Kashmiri",3,5,5,7,8,12,"Militant stronghold in a madrassa (QAEDA)","AP","http://www.google.com/hostednews/ap/article/ALeqM5hkiMxbHNH0BqgpWA2ZG6VD6wVTmAD9AIJ56G0","Al Jazeera","http://english.aljazeera.net/news/asia/2009/09/200997163712748731.html","Dawn","http://www.dawn.com/wps/wcm/connect/dawn-content-library/dawn/news/pakistan/provinces/06-four-killed-in-drone-attack-in-north-waziristan-06-rs",
"Palooseen village in the district of Mir Ali, North Waziristan",33.010967,69.831848,"November 20, 2009",2009,"unknown",8,8," ",,8,8,"Compound used by Taliban militants","AP","http://www.nytimes.com/aponline/2009/11/20/world/AP-AS-Pakistan.html?scp=5&amp;sq=pakistan&amp;st=cse","New York Times","http://www.nytimes.com/reuters/2009/11/20/world/international-pakistan-violence.html?scp=10&amp;sq=pakistan&amp;st=cse","Dawn","http://www.dawn.com/wps/wcm/connect/dawn-content-library/dawn/news/pakistan/04-suspected-us-drone-fires-two-missiles-north-waziristan-qs-03",
"Datta Khel, 12 miles west of Miram Shah, North Waziristan",32.998299,69.612122,"March 16, 2010",2010,"unknown",8,11,,,8,11,"Pro-Taliban militant compounds/compound of Hafiz Gul Bahadur (TALIBAN)","BBC","http://news.bbc.co.uk/2/hi/south_asia/8569728.stm","Agence France Press","http://www.google.com/hostednews/afp/article/ALeqM5gcLJA2HOa88NfDaL03rNLWxwlaYA","Al Jazeera","http://english.aljazeera.net/news/asia/2010/03/201031692724310542.html",
"Mizai Nari,38 km west of Wana, South Waziristan",32.989082,69.716492,"May 28, 2010",2010,"unknown",8,11," ",,8,11,"taliban compound","Dawn","http://www.dawn.com/wps/wcm/connect/dawn-content-library/dawn/the-newspaper/front-page/8-militants-killed-in-us-drone-attack-950","The Nation","http://www.nation.com.pk/pakistan-news-newspaper-daily-english-online/Regional/Islamabad/28-May-2010/Drone-attack-kills-11-in-South-Waziristan","GeoTV","http://geo.tv/5-28-2010/65749.htm"" shape=""rect",
"Datta Khel, North Waziristan",32.979870,70.287094,"June 11, 2010",2010,"unknown",8,15," ",,8,15,"House belonging to militants in Hafiz Gul Bahadur’s group (TALIBAN)","AP","http://news.yahoo.com/s/ap/20100611/ap_on_re_as/as_pakistan","Agence France Press","http://ca.news.yahoo.com/s/afp/100611/world/pakistan_unrest_307","GeoTV","http://geo.tv/6-11-2010/66502.htm",
"Shakai region north of Wana in South Waziristan (Badar, according to CNN)",33.023632,70.074577,"October 26, 2008",2008,"none",0,,7,7,7,7,"Wana region is a stronghold of Mullah Nazir, a Taliban chieftain and rival of Pakistani Taliban leader Baitullah Mehsud","CNN","http://www.cnn.com/2008/WORLD/asiapcf/10/26/pakistan.airstrike/index.html","GeoTV","http://www.geo.tv/10-27-2008/27631.htm",,,
"Azam Warzak, South Waziristan",32.988220,70.046425,"December 11, 2008",2008,"none",3,3,4,4,7,7,"unclear","GeoTV","http://www.geo.tv/12-12-2008/30522.htm","Reuters","http://in.reuters.com/article/domesticNews/idINISL23166720081211",,,
"Makeen, South Waziristan",32.797665,70.496521,"March 25, 2009",2009,"unknown",6,6,1,1,7,7,"Baitullah Mehsud (Makeen is his hometown)","CNN","http://www.cnn.com/2009/WORLD/asiapcf/03/25/pakistan.missile.strike.dead/index.html","GeoTV","http://geo.tv/3-25-2009/38186.htm","Dawn","http://www.dawn.com/wps/wcm/connect/Dawn%20Content%20Library/dawn/news/pakistan/nwfp/six-us-drone-attacks-south-waziristan--qs",
"Datta Khel, near Miram Shah, North Waziristan",33.672928,70.911255,"April 4, 2009",2009,"unknown",4,10,3,9,7,19,"Haqqani is based in Miramshah; facilitator of Taliban Tariq Khan (HAQQANI/TALIBAN)","GeoTV","http://www.geo.tv/4-4-2009/39021.htm","Agence France Press","http://www.google.com/hostednews/afp/article/ALeqM5iB7gOoHENZvu3yXj8V6n1XWCGqDQ","Reuters","http://uk.reuters.com/article/burningIssues/idUKTRE53309720090404?sp=true",
"Zeralita in the Azam Warsak region of South Waziristan",32.622604,69.829102,"July 28, 2008",2008,"Abu Khaba al Masri (WMD expert)",3,3,3,3,6,6,"Abu Khabab al Masri","BBC","http://news.bbc.co.uk/2/hi/south_asia/7529419.stm","GeoTV","http://www.geo.tv/7-28-2008/21535.htm",,"Agence France Press",
"Wana, South Waziristan",32.552601,69.609375,"October 31, 2008",2008,"none",6,6,0,,6,6,"Mullah Nazir, rival of Baitullah Mehsud","GeoTV","http://www.geo.tv/10-31-2008/27916.htm","BBC","http://news.bbc.co.uk/2/hi/in_depth/7702679.stm",,,
"Sara Khwara, 25 km west of Wana, South Waziristan",32.479645,70.018616,"May 12, 2009",2009,"unknown",6,9,0,8,6,17,"Baitullah Mehsud (BM)","Reuters","http://in.reuters.com/article/domesticNews/idINISL8872220090512","Dawn","http://www.dawn.com/wps/wcm/connect/dawn-content-library/dawn/news/pakistan/11-us-drone-attack-in-south-waziristan-il-12","CNN","http://www.cnn.com/2009/WORLD/asiapcf/05/12/pakistan.drone.attack/index.html",
"Zamarai Nairai, near Kokat Khel, 28 miles east of Wana, South Waziristan",32.592525,69.599075,"July 3, 2009",2009,"unknown",6,15,0,5,6,20,"Baitullah Mehsud (BM)","New York Times","http://www.nytimes.com/2009/07/04/world/asia/04pstan.html?ref=global-home%29;""><span lang=""EN-US","BBC","http://news.bbc.co.uk/2/hi/south_asia/8131938.stm","CNN","http://edition.cnn.com/2009/WORLD/asiapcf/07/03/pakistan.drone.attack/?iref=",
"Karwan Manza, South Waziristan",32.527710,69.855881,"July 8, 2009",2009,"none",6,10,0,27,6,37,"Baitullah Mehsud (BM)","Reuters","http://www.nytimes.com/reuters/2009/07/08/world/international-pakistan-violence.html","Dawn","http://www.dawn.com/wps/wcm/connect/dawn-content-library/dawn/news/pakistan/04-suspected-us-missile-strike-hits-south-waziristan-qs-08","BBC","http://news.bbc.co.uk/2/hi/south_asia/8139739.stm",
"Lamal village, near Karikot, 6 miles SW of Wana, South Waziristan",33.021908,70.072174,"June 29, 2010",2010,"unknown",6,10," ",,6,10,"house of of militant commander Maulana Halimullah (TALIBAN/QAEDA)","Agence France Press","http://www.google.com/hostednews/afp/article/ALeqM5i1l6sUmhzghVC-YUvkMRSfOclnOg","AP","http://news.yahoo.com/s/ap/20100629/ap_on_re_as/as_pakistan"" shape=","BBC","http://news.bbc.co.uk/2/hi/world/south_asia/10443538.stm",
"Haisori, near Miram Shah, North Waziristan",32.987644,70.261345,"November 30, 2005",2005,"Abu Hamza Rabia",5,5,0,,5,5,"Abu Hamza Rabia","New York Times","http://www.nytimes.com/2005/12/04/international/asia/05cnd-qaeda.html","Christian Science Monitor",,"CNN",,
"Village outside Miram Shah, North Waziristan",32.991386,70.291901,"November 2, 2007",2007,"none",5,5,0,,5,5,"Taliban militants","New York Times","http://www.nytimes.com/2007/11/03/world/asia/03drone.html?_r=2",,,,,
"Korzai region near Wana, South Waziristan",32.301064,69.598389,"August 30, 2008",2008,"none",5,5," ",,5,5,"Noor Khan Wazir house; Mullah Nazir, rival of Baitullah Mehsud (TALIBAN)","Daily Times of Pakistan","http://www.dailytimes.com.pk/default.asp?page=2008%5C08%5C31%5Cstory_31-8-2008_pg7_5",,,,,
"Chaar Khel, North Waziristan",32.486595,69.279785,"September 4, 2008",2008,"Abu Wafa Al Saudi",1,1,4,4,5,5,"Haqqani network","Long War Journal","http://www.longwarjournal.org/archives/2008/09/report_us_airstrike.php","Wall Street Journal","http://online.wsj.com/article/SB124743959026229517.html","Dawn","http://www.dawn.com/2009/02/09/top4.htm""><FONT color=""#0000ff",
"Baghar Cheena region of South Waziristan, 55km west of Wana, near Angorada",33.004059,70.074921,"September 17, 2008",2008,"Abu Ubaydah al Tunisi, probably",5,5,0,,5,5,"Taliban camp","Reuters","http://www.reuters.com/article/topNews/idUSISL27126520080917","GeoTV","http://www.geo.tv/9-17-2008/25085.htm","Dawn","http://www.dawn.com/2009/02/09/top4.htm",
"Kaniguram, near Wana, South Waziristan",32.281906,69.553757,"April 29, 2009",2009,"Abu Sulayman al Jazairi"," ",,5,10,5,10,"Abu Sulayman al-Jazairi; Baitullah Mehsud/Mullah Nazir","GeoTV","http://geo.tv/4-29-2009/40987.htm","Dawn","http://www.dawn.com/wps/wcm/connect/dawn-content-library/dawn/news/pakistan/provinces/11-ten-dead-in-suspected-us-drone-attack--07","Reuters","http://www.reuters.com/article/topNews/idUSTRE53S4UN20090429",
"Tabbi Langar Khel, near Sarorogha, South Waziristan",32.520184,69.783783,"May 9, 2009",2009,"unknown"," ",,5,10,5,10,"Baitullah Mehsud","Reuters","http://in.reuters.com/article/domesticNews/idINISL41147520090509","Dawn","http://www.dawn.com/wps/wcm/connect/dawn-content-library/dawn/news/pakistan/us+drone+fires+missiles+into+south+waziristan-rs","The News","http://www.thenews.com.pk/updates.asp?id=77172",
"Norak, North Waziristan (12 miles east of Miram Shah)",32.997723,70.041962,"September 30, 2009",2009,"unknown",5,8," ",,5,8,"Taliban vehicle and compound (TALIBAN)","Reuters","http://www.reuters.com/article/gc05/idUSTRE58Q0N020090930","Agence France Press","http://www.google.com/hostednews/afp/article/ALeqM5jd5qX7OHiaPmm_5Kyg3f5tnIUP5Q","The Nation (Pakistan)","http://www.nation.com.pk/pakistan-news-newspaper-daily-english-online/Islamabad/30-Sep-2009/US-missile-strike-kills-six-in-NWaziristan",
"Babrak Ziarat near Wazgai village of Dattakhel tehsil, North Waziristan",32.821903,69.979477,"December 18, 2009",2009,"unknown",5,6," ",,5,6,"Funeral procession of victims from earlier missile strike (TALIBAN; Daily Times reports Punjabi Taliban)","The News","http://www.thenews.com.pk/top_story_detail.asp?Id=26148","Dawn","http://www.dawn.com/wps/wcm/connect/dawn-content-library/dawn/news/pakistan/03-two-killed-in-suspected-us-drone-strike-ss-04","GeoTV","http://geo.tv/12-18-2009/55013.htm",
"Sanzali area of Datta Khel, North Waziristan",32.986778,69.758377,"January 6, 2010",2010,"unknown",5,6," ",,5,6,"Locals collecting bodies from first Jan. 6 attack (TALIBAN)","Agence France Press","http://news.yahoo.com/s/afp/20100106/wl_sthasia_afp/pakistanusunrestmissile","AP","http://news.yahoo.com/s/ap/20100106/ap_on_re_as/as_pakistan","Dawn","http://www.dawn.com/wps/wcm/connect/dawn-content-library/dawn/news/pakistan/07-drone-attack-kills-three-militants-in-n-waziristan-ha-07","reports 20-25 killed in both Jan. 6 strikes, but is an outlier. (http://www.nytimes.com/2010/January 07/world/asia/07drones.html)"
"Muhammad Khel, Datta Khel, North Waziristan<",32.972958,69.700012,"January 29, 2010",2010,"unknown",5,15," ",,5,15,"Haqqani/Taliban compound (HAQQANI/TALIBAN)","Agence France Press","http://www.google.com/hostednews/afp/article/ALeqM5hTS40m0EA1PurEIleQRTDxsnh9Ng","AP","http://news.yahoo.com/s/ap/20100130/ap_on_re_as/as_pakistan","BBC","http://news.bbc.co.uk/2/hi/south_asia/8488888.stm",
"Mizar Madakhel, 25-31 miles west of Miram Shah, North Waziristan",32.997147,69.616241,"March 10, 2010",2010,"unknown",4,4,1,5,5,9,"vehicles used by militants to recover those killed in first strike (UNCLEAR)","GeoTV","http://geo.tv/3-10-2010/60819.htm","Agence France Press","http://news.yahoo.com/s/afp/20100310/wl_asia_afp/pakistanunrestusmissile","Al Jazeera","http://english.aljazeera.net/news/asia/2010/03/201031018114779678.html",
"Mizar Madakhel, 25-31 miles west of Miram Shah, North Waziristan",33.005783,70.090027,"March 10, 2010",2010,"unknown",5,8," ",,5,8,"Vehicle and compound being used by militants (UNCLEAR)","GeoTV","http://geo.tv/3-10-2010/60819.htm","Agence France Press","http://news.yahoo.com/s/afp/20100310/wl_asia_afp/pakistanunrestusmissile","AP","http://www.google.com/hostednews/ap/article/ALeqM5hkiMxbHNH0BqgpWA2ZG6VD6wVTmAD9EBTOSG1",
"Machi Khel, 12 miles east of Miram Shah, North Waziristan",32.998299,70.119553,"April 24, 2010",2010,"unknown",5,8," ",,5,8,"militant compound (unclear)","CNN","http://news.blogs.cnn.com/2010/04/24/drone-strike-in-pakistan-kills-7-militants","GeoTV","http://geo.tv/4-24-2010/63744.htm","AP","http://www.google.com/hostednews/ap/article/ALeqM5hkiMxbHNH0BqgpWA2ZG6VD6wVTmAD9F9IR880",
"Ragha area, Tirah Valley, Khyber",32.994267,69.558563,"May 15, 2010",2010,"unknown",5,15," ",,5,15,"House and trucks with militants (UNCLEAR)","AP","http://news.yahoo.com/s/ap/20100515/ap_on_re_as/as_pakistan","The News","http://www.thenews.com.pk/top_story_detail.asp?Id=28874","Daily Times","http://www.dailytimes.com.pk/default.asp?page=2010%5C05%5C16%5Cstory_16-5-2010_pg1_4","the AP is the only wire service to report on this strike, so it is included here but not in any of the above tallies."
"Sheerani,Mada Khel, North Waziristan (19 miles west of Miram Shah)",32.234295,69.530411,"July 15, 2010",2010,"unknown",5,14," ",,5,14,"Compound used by militants affiliated with Hafiz Gul Bahadur (TALIBAN)","AP","http://news.yahoo.com/s/ap/20100715/ap_on_re_as/as_pakistan","BBC","http://www.bbc.co.uk/news/world-south-asia-10654163","Agence France Press","http://news.yahoo.com/s/afp/20100715/pl_afp/pakistanunrestusmissile",
"Wana, South Waziristan",32.993980,70.237999,"June 18, 2004",2004,"Nek Muhammad",4,4,0,,4,4,"Nek Muhammad","New York Times","http://www.nytimes.com/2004/06/19/international/asia/19STAN.html",,,,,
"Lwara Mundi, 1.5km from Afghan border, North Waziristan",32.308025,69.409561,"March 12, 2008",2008,"none"," ",,4,4,4,4,"Haqqani network","Agence France Press","http://afp.google.com/article/ALeqM5hEvGnNivzHK50KfpldUx0ZMs8Nxg",,,,,
"Khusali Toorikhel, near Mir Ali, North Waziristan",32.500496,69.283905,"January 10, 2008",2008,"none",4,6," ",,4,6,"Mir Ali is a known stronghold of Abu Kasha, a link between al Qaeda’s Shura Majlis and the Taliban","GeoTV","http://www.geo.tv/10-1-2008/26034.htm",,,,,
"Just outside Miramshah, North Waziristan",32.994843,70.167618,"October 11, 2008",2008,"unknown",0,,4,4,4,4,"Meeting of al Qaeda and Taliban commanders","GeoTV","http://www.geo.tv/10-12-2008/26731.htm""><FONT color=""#0000ff",,,,,
"Taparghai, near Saam in the Ladha region, South Waziristan",32.993690,70.092087,"October 16, 2008",2008,"Khalid Habib",0,,4,4,4,4,"Khalid Habib","CNN","http://www.cnn.com/2008/WORLD/asiapcf/10/22/pakistan.al.qaeda.commander/index.html?iref=newssearch","New York Times","http://www.nytimes.com/2008/10/18/world/asia/18pstan.html","LA Times","http://articles.latimes.com/2008/oct/31/world/fg-habib31",
"Ladha, South Waziristan",32.296421,69.498825,"January 2, 2009",2009,"unknown"," ",,4,4,4,4,"Baitullah Mehsud","GeoTV","http://www.geo.tv/1-2-2009/31753.htm",,,,,
"Jani Khel, Bannu, NWFP",33.808819,70.279541,"March 15, 2009",2009,"unclear",,,4,5,4,5,"Local militant commander Taj Ali Khan (UNCLEAR)","GeoTV","http://www.geo.tv/3-16-2009/37457.htm","New York Times","http://www.nytimes.com/2009/03/17/world/asia/17drone.html?ref=world","BBC","http://news.bbc.co.uk/2/hi/south_asia/7945404.stm",
"Sokhel, Mir Ali, North Waziristan",32.616241,69.848328,"March 25, 2009",2009,"unknown"," ",,4,5,4,5,"Malik Gulab Khan, “pro-militant tribal elder” (QAEDA)","Washington Post","http://www.washingtonpost.com/wp-dyn/content/article/2009/03/26/AR2009032600260.html?referrer=emailarticle","GeoTV","http://geo.tv/3-26-2009/38239.htm","Dawn","http://www.dawn.com/wps/wcm/connect/Dawn%20Content%20Library/dawn/news/pakistan/nwfp/4-killed-in-north-waziristan-drone-attack--il",
"Tapar Ghai area in the Kanigram district in South Waziristan",33.003483,70.031662,"August 27, 2009",2009,"Tahir Yuldashev (purportedly of Yuldashev in January 2010; current status unclear)",4,4,0,4,4,8,"suspected militant hide-out in the stronghold of top Taliban commander Waliur Rehman; Tahir Yuldashev (TALIBAN/AL QAEDA)","BBC","http://news.bbc.co.uk/2/hi/south_asia/8224289.stm","GeoTV","http://www.geo.tv/8-27-2009/48316.htm","AP","http://www.google.com/hostednews/ap/article/ALeqM5hkiMxbHNH0BqgpWA2ZG6VD6wVTmAD9AB5TDO0",
"Toori Khel village, near Mir Ali, North Waziristan",33.046082,70.019989,"September 14, 2009",2009,"Nazimuddin Zalalov alias Yahyo",4,4,0,4,4,8,"hideout of defunct Tahrik-e-Taliban at Turikhel area; militant vehicle (TALIBAN)","Agence France Press","http://www.google.com/hostednews/afp/article/ALeqM5ijQhVf-V5hHrgYBP-Z4cGhNMIEsA","BBC","http://news.bbc.co.uk/2/hi/south_asia/8253841.stm","GeoTV","http://geo.tv/9-14-2009/49185.htm",
"Dandey Darpa Khel, North Waziristan",32.989082,70.328293,"October 15, 2009",2009,"unknown",3,3,1,2,4,5,"Haqqani militants (Reuters)","BBC","http://news.bbc.co.uk/2/hi/south_asia/8308157.stm","GeoTV","http://geo.tv/10-15-2009/50961.htm","Agence France Press","http://www.google.com/hostednews/afp/article/ALeqM5is5qBp_wZRbzXkwvgZBf-NMo_IEA",
"Shanakhora, 12 miles west of Miram Shah, North Waziristan",32.957401,70.302887,"November 18, 2009",2009,"unknown",4,4," ",,4,4,"Taliban militants using the compound","Reuters","http://www.reuters.com/article/asiaCrisis/idUSSP476018","Agence France Press","http://www.google.com/hostednews/afp/article/ALeqM5gTRQcdNeByfeRiEv2X5yL-HERq4w","GeoTV","http://geo.tv/11-19-2009/53188.htm",
"Bichi village, Mirkhwanai area, near Shaktoi, North Waziristan (border)",32.940117,70.296021,"January 15, 2010",2010,"Azmatullah Mawiya (TT-Punjab)",4,6," ",,4,6,"Militant compound (TALIBAN)","Agence France Press","http://news.yahoo.com/s/afp/20100115/wl_sthasia_afp/pakistanunrestnorthwestmissile","GeoTV","http://geo.tv/1-15-2010/57068.htm","Dawn","http://www.dawn.com/wps/wcm/connect/dawn-content-library/dawn/news/pakistan/18-three-killed-in-suspected-us-drone-strike-am-02",
"Mir Ali, North Waziristan",32.976414,69.728165,"February 14, 2010",2010,"unknown",4,7," ",,4,7,"Mlitant compound; house of militant collaborator, Khanadan Khan Dawar","New York Times","http://www.nytimes.com/2010/02/15/world/asia/15pstan.html","CNN","http://edition.cnn.com/2010/WORLD/asiapcf/02/14/pakistan.attacks","Agence France Press","http://www.google.com/hostednews/afp/article/ALeqM5jNMep6A9CfDN1kqj15keICdBbKCQ",
"Lowari Mandi area of Datta Khel, North Waziristan",32.995995,69.625854,"March 21, 2010",2010,"unknown",4,13," ",,4,13,"Militant compound used by Taliban and/or Haqqani network","CNN","http://news.blogs.cnn.com/2010/03/21/officials-5-militants-killed-in-pakistan-by-drone/","AP","http://news.yahoo.com/s/ap/20100321/ap_on_re_as/as_pakistan","Dawn","http://www.dawn.com/wps/wcm/connect/dawn-content-library/dawn/the-newspaper/front-page/12-death-toll-in-drone-strike-rises-to-13--bi-06",
"Hurmaz, near Mir Ali, North Waziristan",32.985626,70.054321,"March 28, 2010",2010,"unknown"," ",,4,4,4,4,"Houses used by militants (unclear)","Agence France Press","http://news.yahoo.com/s/afp/20100327/wl_asia_afp/pakistanunrestusmissile","AP","http://news.yahoo.com/s/ap/20100327/ap_on_re_as/as_pakistan","Reuters","http://news.yahoo.com/s/nm/20100327/wl_nm/us_pakistan_missile_strike",
"Tapi village, 13 miles east of Miram Shah, North Waziristan<",32.967770,70.253448,"March 31, 2010",2010,"unknown",4,6," ",,4,6,"Compound used by militants (unclear)","CNN","http://www.cnn.com/2010/WORLD/asiapcf/03/31/pakistan.attacks/","Agence France Press","http://www.google.com/hostednews/afp/article/ALeqM5iXKDw0vWQomHE9ISJeMypJ45pgOA","AP","http://www.nytimes.com/aponline/2010/03/31/world/AP-AS-Pakistan.html",
"Toorkhel, suburbs of Miram Shah, North Waziristan",33.004059,69.752197,"April 16, 2010",2010,"unknown",4,6," ",,4,6,"Vehicle carrying militants (UNCLEAR)","Agence France Press","http://www.google.com/hostednews/afp/article/ALeqM5gvfJwwysV6pe_LXSLYnE6kuWNMgQ","AP","http://news.yahoo.com/s/ap/20100416/ap_on_re_as/as_pakistan","The News","http://www.thenews.com.pk/updates.asp?id=102977",
"Khushali Toorkhel, 15 miles east of Miram Shah, North Waziristan",32.978718,70.327606,"April 26, 2010",2010,"unknown",4,8," ",,4,8,"house with militants","GeoTV","http://geo.tv/4-26-2010/63847.htm","Agence France Press","http://news.yahoo.com/s/afp/20100426/wl_asia_afp/pakistanunrest","AP","http://news.yahoo.com/s/ap/20100426/ap_on_re_as/as_pakistan",
"Marsikhel, near Mir Ali, North Waziristan",32.972958,70.350952,"May 3, 2010",2010,"unknown",4,4,0,2,4,6,"car with militants","AP","http://www.google.com/hostednews/ap/article/ALeqM5hkiMxbHNH0BqgpWA2ZG6VD6wVTmAD9FFBPSG0","Dawn","http://www.dawn.com/wps/wcm/connect/dawn-content-library/dawn/news/pakistan/04-nwaziristandronestrike-qs-11","GeoTV","http://geo.tv/5-3-2010/64265.htm",
"Asadabad village of Muhammadn Khel area of Datta Khel, North Waziristan",33.881817,70.859070,"May 23, 2010",2010,"Mustafa Abu al-Yazid, AQ no. 3",4,10,0,6,4,16,"Compound rented to fighters from Hafiz Gul Bahadur’s group (TALIBAN)","CNN","http://www.cnn.com/2010/WORLD/asiapcf/05/21/pakistan.attack/index.html","GeoTV","http://geo.tv/5-22-2010/65372.htm","AP","http://news.yahoo.com/s/ap/20100522/ap_on_re_as/as_pakistan",
"Danda Saidgai, 15km north of Miram Shah, North Waziristan",32.844982,69.565430,"April 28, 2007",2007,"none",,,3,4,3,4,"Taliban militants","Daily Times","http://www.dailytimes.com.pk/default.asp?page=2007%5C04%5C28%5Cstory_28-4-2007_pg7_1","Dawn","http://www.dawn.com/2007/04/28/top1.htm","Reuters","http://www.reuters.com/article/idUSISL11111020070427",
"Datta Khel, North Waziristan (60km west of Miramshah)",32.976990,70.303574,"October 3, 2008",2008,"none",0,,3,3,3,3,"Haqqani network","Reuters","http://www.reuters.com/article/worldNews/idUSTRE4925MS20081003?sp=true",,,,,
"Ali Khel region just outside of Miramshah, North Waziristan",32.799973,70.489655,"November 22, 2008",2008,"Rashid Rauf (suspect in 2006 planes plot) and Abu Zubair al Masri",0,,3,3,3,3,"Jalaluddin Haqqani, head of the Taliban in North Waziristan, is based near Miramshah","CNN","http://www.cnn.com/2008/WORLD/asiapcf/11/22/pakistan.airstrike/index.html?iref=newssearch",,,,,
"Chashma, a village on the outskirts of Miramshah, North Waziristan",32.981308,70.067368,"November 29, 2008",2008,"none",0,,3,3,3,3,"Taj Mohammad (UNCLEAR)","CNN","http://www.cnn.com/2008/WORLD/asiapcf/11/29/pakistan.missile/index.html?iref=newssearch","Reuters","http://in.reuters.com/article/southAsiaNews/idINIndia-36778020081129",,,
"Gangi Khel, outskirts of Wana, South Waziristan",32.321957,69.586716,"April 19, 2009",2009,"unknown",3,3,0,5,3,8,"Taliban militant camp (TALIBAN)","CNN","http://www.cnn.com/2009/WORLD/asiapcf/04/19/pakistan.drone/","Agence France Press","http://www.google.com/hostednews/afp/article/ALeqM5gx71WkPEnJXUWZieAGf4H7SlSsQQ","Reuters","http://uk.reuters.com/article/topNews/idUKTRE53I08X20090419",
"Mardar Algad, Ladha, South Waziristan",33.005211,70.272675,"June 14, 2009",2009,"unknown",3,5," ",,3,5,"Baitullah Mehsud (BM)","CNN","http://www.cnn.com/2009/WORLD/asiapcf/06/14/pakistan.bomb/index.html","Reuters","http://www.reuters.com/article/gc05/idUSTRE55D07620090614","Agence France Press","http://www.google.com/hostednews/afp/article/ALeqM5jogA1MhYMfVMl0I3yaTwvqrEoXHg",
"Painda Khel, South Waziristan",32.527710,69.863434,"July 10, 2009",2009,"unknown",3,8," ",,3,8,"Baitullah Mehsud (BM)","New York Times","http://www.nytimes.com/2009/07/11/world/asia/11briefs-Pstan.html?_r=2&amp;ref=world","Reuters","http://www.reuters.com/article/newsMaps/idUSTRE56A0NE20090711","Dawn","http://www.dawn.com/wps/wcm/connect/dawn-content-library/dawn/news/pakistan/provinces/16-fazlullah-injured-says-ispr-hs-04","This is a very rough approximation of the location of Painda Khel."
"Sararogha, South Waziristan",32.971230,70.245895,"September 29, 2009",2009,"unknown",3,5," ",,3,5,"compound of local Taliban commander Irfan Mehsud (TALIBAN)","AP","http://www.google.com/hostednews/ap/article/ALeqM5hkiMxbHNH0BqgpWA2ZG6VD6wVTmAD9B0T6K00","GeoTV","http://geo.tv/9-29-2009/49938.htm","Agence France Press","http://www.google.com/hostednews/afp/article/ALeqM5gZEDyFl6YV5tVp3MQ0Hdu2-gucmw",
"Danda Darpakhel, North Waziristan",32.493546,70.023422,"September 29, 2009",2009,"unknown",3,7," ",,3,7,"A house owned by a known Afghan militant (TALIBAN)","Agence France Press","http://www.google.com/hostednews/ap/article/ALeqM5hkiMxbHNH0BqgpWA2ZG6VD6wVTmAD9B11FQG0","GeoTV","http://geo.tv/9-29-2009/49953.htm","BBC","http://news.bbc.co.uk/2/hi/south_asia/8280971.stm",
"Babar Raghzai area of the Saidgi village, 4 miles north of Miram Shah, North Waziristan",32.985050,69.739151,"December 26, 2009",2009,"unknown"," ",,3,13,3,13,"House of local tribesman Asmatullah, apparently linked with Taliban","AP","http://news.yahoo.com/s/ap/20091226/ap_on_re_as/as_pakistan","Agence France Press","http://www.google.com/hostednews/afp/article/ALeqM5iYkIs8AzN2l8ShYbCQicVxY4YkSA","Al Jazeera","http://english.aljazeera.net/news/asia/2009/12/20091226153246297157.html",
"Sanzali area of Datta Khel, North Waziristan",32.997723,70.342026,"January 6, 2010",2010,"unknown",3,7," ",,3,7,"Taliban training center belonging to Hafiz Gul Bahadur","Pajhwok","http://www.pajhwok.com/viewstory.asp?lng=eng&amp;id=87476","GeoTV","http://geo.tv/1-6-2010/56366.htm","Agence France Press","http://news.yahoo.com/s/afp/20100106/wl_sthasia_afp/pakistanusunrestmissile",
"Tappi village, near Miram Shah, North Waziristan",32.983898,69.757690,"January 8, 2010",2010,"unknown",3,5," ",,3,5,"Hafiz Gul Bahadur’s network (TALIBAN)","Agence France Press","http://news.yahoo.com/s/afp/20100108/wl_sthasia_afp/pakistanunrestnorthwestmissile","AP","http://news.yahoo.com/s/ap/20100108/ap_on_re_as/as_pakistan","CNN","http://www.cnn.com/2010/WORLD/asiapcf/January 08/pakistan.blast/",
"Zanini village, near Mir Ali, North Waziristan",32.669147,70.156975,"January 15, 2010",2010,"unknown",3,5," ",,3,5,"Militant camp; Hakimullah Mehsud (TALIBAN)","Agence France Press",,"GeoTV",,"BBC",,
"Deegan, 18 miles west of Miram Shah, in Datta Khel, North Waziristan",32.659031,70.150452,"January 19, 2010",2010,"unknown",3,6," ",,3,6,"Compound and vehicle (HAQQANI/TALIBAN)","Dawn","http://www.dawn.com/wps/wcm/connect/dawn-content-library/dawn/news/pakistan/18-suspected-us-drone-strike-kills-six-in-miranshah-am-03","CNN","http://edition.cnn.com/2010/WORLD/asiapcf/January 19/pakistan.drone/","Agence France Press","http://www.google.com/hostednews/afp/article/ALeqM5iWkZkZ61RpwdvlVLSBpTFs0DbFBA",
"Tapi, 9 miles east of Miram Shah, North Waziristan",32.963161,70.241776,"February 15, 2010",2010,"Abdul Haq al-Turkistani, leader of a group called the Turkistani Islamic Party",3,4," ",,3,4,"Vehicle carrying militants (UNCLEAR)","AP","http://news.yahoo.com/s/ap/20100215/ap_on_re_as/as_pakistan","Reuters","http://news.yahoo.com/s/nm/20100215/wl_nm/us_pakistan_violence","Agence France Press","http://news.yahoo.com/s/afp/20100215/wl_sthasia_afp/pakistanunrestusmissil",
"Darpa Khel, near Miram Shah, North Waziristan",32.997723,70.189590,"February 18, 2010",2010,"Muhammad Haqqani, brother of Siraj",3,4," ",,3,4,"Haqqani compound","Reuters","ttp://news.yahoo.com/s/nm/20100218/ts_nm/us_pakistan_violence_missile","GeoTV","http://geo.tv/2-18-2010/59522.htm","AP","http://news.yahoo.com/s/ap/20100218/ap_on_re_as/as_pakistan",
"Dargi Mandi, 2.5 miles north of Miram Shah, North Waziristan",33.015572,70.052605,"February 24, 2010",2010,"Mohammad
Qari Zafar",3,8," ",,3,8,"Militant compound (HAQQANI/TALIBAN)","AP","http://r20.rs6.net/tn.jsp?t=7pjztkdab.0.0.qtviz6cab.0&amp;p=http%3A%2F%2Fnews.yahoo.com%2Fs%2Fap%2F20100224%2Fap_on_re_as%2Fas_pakistan&amp;id=preview","BBC","http://r20.rs6.net/tn.jsp?t=7pjztkdab.0.0.qtviz6cab.0&amp;p=http%3A%2F%2Fnews.bbc.co.uk%2F2%2Fhi%2Fsouth_asia%2F8533777.stm&amp;id=preview","GeoTV","http://r20.rs6.net/tn.jsp?t=7pjztkdab.0.0.qtviz6cab.0&amp;p=http%3A%2F%2Fgeo.tv%2F2-24-2010%2F59892.htm&amp;id=preview",
"Maley Khan Sirai area of Miram Shah, North Waziristan",33.042629,70.061188,"March 8, 2010",2010,"Sadam Hussein Al Hussami, also known as Ghazwan Al-Yemeni",3,5," ",,3,5,"Building used by militants (QAEDA)","Dawn","http://www.dawn.com/wps/wcm/connect/dawn-content-library/dawn/news/pakistan/22-us-drone-strike-in-malay-khan-area-aj-02","GeoTV","http://geo.tv/3-8-2010/60685.htm","AP","http://www.google.com/hostednews/ap/article/ALeqM5hkiMxbHNH0BqgpWA2ZG6VD6wVTmAD9EAHSP80",
"Hamzoni, 6 miles west of Miram Shah, North Waziristan",32.991386,69.742584,"March 17, 2010",2010,"unknown",3,6," ",,3,6,"Hafiz Gul Bahadur vehicle (TALIBAN)","BBC","http://news.bbc.co.uk/2/hi/south_asia/8571608.stm","Al Jazeera","http://english.aljazeera.net/news/asia/2010/03/20103174368513661.html","GeoTV","http://geo.tv/3-17-2010/61210.htm",
"Mada Khel, 25 miles west of Miram Shah, North Waziristan",33.013271,69.938965,"March 17, 2010",2010,"unknown",3,8," ",,3,8,"Hafiz Gul Bahadur group (TALIBAN)","BBC","http://news.bbc.co.uk/2/hi/south_asia/8571608.stm","Al Jazeera","http://english.aljazeera.net/news/asia/2010/03/20103174368513661.html","Reuters","http://www.reuters.com/article/idUSTRE6230HI20100317",
"Machis, outskirts of Miram Shah, North Waziristan",32.995995,69.682159,"March 21, 2010",2010,"unknown",3,6," ",,3,6,"militant vehicle/compound (unclear)","CNN","http://news.blogs.cnn.com/2010/03/23/4-militants-killed-in-drone-strike-pakistani-officials-say","AP","http://news.yahoo.com/s/ap/20100323/ap_on_re_as/as_pakistan","Agence France Press","http://news.yahoo.com/s/afp/20100323/wl_sthasia_afp/pakistanunrestusmissile",
"Amboor Shaga village, 15 miles west of Miram Shah, North  Waziristan",33.024784,69.823608,"April 14, 2010",2010,"unknown",3,4," ",,3,4,"Vehicle carrying militants (UNCLEAR)","BBC","http://news.bbc.co.uk/2/hi/south_asia/8620895.stm","AP","http://www.google.com/hostednews/ap/article/ALeqM5hkiMxbHNH0BqgpWA2ZG6VD6wVTmAD9F2T0P80","Agence France Press","http://news.yahoo.com/s/afp/20100414/wl_sthasia_afp/pakistanunrestusmissile",
"Tabbi Tolkhel, 4 km north of Miram Shah, North Waziristan",32.974686,70.278168,"June 27, 2010",2010,"unknown",3,6," ",,3,6,"Militant compound (UNCLEAR)","Daily Times of Pakistan","http://www.dailytimes.com.pk/default.asp?page=2010%5C06%5C27%5Cstory_27-6-2010_pg7_4","Tribune","http://tribune.com.pk/story/24125/drone-strike-kills-four-in-north-waziristan/","AP","http://www.google.com/hostednews/ap/article/ALeqM5hkiMxbHNH0BqgpWA2ZG6VD6wVTmAD9GJMU980",
"Tappi, Miramshah, North Waziristan",32.326595,69.521484,"August 31, 2008",2008,"none",,,2,2,2,2,"Jalaluddin Haqqani, head of the Taliban in North Waziristan, is based near Miramshah","GeoTV","http://www.geo.tv/9-1-2008/23919.htm",,,,,
"Bannu Frontier Region east of North Waziristan (Jani Khel, NWFP)",32.707577,69.873047,"November 19, 2008",2008,"Abdullah Azzam al Saudi",2,5,,,2,5,"Taliban militant (Dilber, alias Parpand)","CNN","http://www.cnn.com/2008/WORLD/asiapcf/11/19/pakistan.airstrike/index.html?iref=newssearch","Dawn","http://www.dawn.net/wps/wcm/connect/Dawn%20Content%20Library/dawn/news/pakistan/nwfp/us-drone-strike-kills-five-in-bannu--ha","Thaindian","http://www.thaindian.com/newsportal/south-asia/us-drone-attack-kills-four-militants-in-pakistan_100121144.html",
"Tapi Tool region near Miramshah, North Waziristan",32.316730,69.384155,"December 15, 2008",2008,"none",0,,2,2,2,2,"Jalaluddin Haqqani, head of the Taliban in North Waziristan, is based near Miramshah","GeoTV","http://www.geo.tv/12-15-2008/30752.htm",,,,,
"Wana, South Waziristan",32.984474,69.715805,"April 8, 2009",2009,"unknown",2,3,0,1,2,4,"Mullah Nazir, Baitullah Mehsud’s rival (TALIBAN)","GeoTV","http://geo.tv/4-8-2009/39356.htm","New York Times","http://www.nytimes.com/aponline/2009/04/08/world/AP-AS-Pakistan.html?ref=global-home","Dawn","ttp://www.dawn.com/wps/wcm/connect/dawn-content-library/dawn/news/pakistan/nwfp/two-killed-in-suspected-drone-attack-in-south-waziristan--il",
"Neej Narai, outside Makeen, South Waziristan",32.334141,69.568176,"June 23, 2009",2009,"none",2,6," ",,2,6,"Baitullah Mehsud","Agence France Press","http://www.google.com/hostednews/afp/article/ALeqM5heBbALZ2uRaRJTO9hzBlKzmGmG0A","CNN","http://edition.cnn.com/2009/WORLD/asiapcf/06/23/pakistan.unrest/","Reuters","http://in.reuters.com/article/southAsiaNews/idINIndia-40566720090624",
"Zangra village of Ladha, South Waziristan",32.704109,70.063934,"August 5, 2009",2009,"Baitullah Mehsud",1,3,1,1,2,4,"Baitullah Mehsud","GeoTV","http://www.geo.tv/8-5-2009/47113.htm","Dawn","http://www.dawn.com/wps/wcm/connect/dawn-content-library/dawn/news/pakistan/07-suspected-us-drone-strike-kills-one-woman-in-s-waziristan-ha-05","CNN","http://www.cnn.com/2009/WORLD/asiapcf/08/05/pakistan.drone.attack/",
"Norak, near Mir Ali, North Waziristan",34.818878,71.500397,"November 4, 2009",2009,"unknown",2,5," ",,2,5,"Home of local militant Musharaf Gul (TALIBAN)","Agence France Press","http://news.yahoo.com/s/afp/20091105/wl_asia_afp/pakistanunrestusmissile","GeoTV","http://geo.tv/11-5-2009/52403.htm","Dawn","http://www.dawn.com/wps/wcm/connect/dawn-content-library/dawn/news/pakistan/provinces/12-suspected+us+missile+strike+in+waziristan+kills+two--bi-11",
"Aspalga village, 7 miles SE of Miram Shah, North Waziristan",33.002331,70.290527,"December 8, 2009",2009,"Saleh al-Somali",2,3," ",,2,3,"Car with Taliban militants","Reuters","http://www.reuters.com/article/idUSTRE5B709320091208","GeoTV","http://geo.tv/12-8-2009/54303.htm","AP","http://news.yahoo.com/s/ap/20091208/ap_on_re_as/as_pakistan",
"Dosali village, North Waziristan",32.989082,69.693146,"December 17, 2009",2009,"unknown",2,2," ",,2,2,"Vehicle with suspected insurgents (TALIBAN)","BBC","http://news.bbc.co.uk/2/hi/south_asia/8417756.stm","CNN","http://edition.cnn.com/2009/WORLD/asiapcf/12/17/pakistan.drone","GeoTV","http://geo.tv/12-17-2009/54938.htm",
"Machi Khel, 20km west of Miram Shah, North Waziristan",33.077160,70.069427,"December 31, 2009",2009,"Haji Omar, key Taliban commander in Mir Ali",2,5," ",,2,5,"Compound of a local tribesman, Karim Khan (Officials suggested some of the dead were al Qaeda fighters)","Agence France Press","http://www.google.com/hostednews/afp/article/ALeqM5hob3b1MoWI6iNc0L3gcVwvgkZ3nA","CNN","http://edition.cnn.com/2010/WORLD/asiapcf/January January pakistan.drone/","New York Times","http://www.nytimes.com/2010/January 02/world/asia/02pstan.html",
"Ghundikala village, 15 km east of Miram Shah in tehsil Mir Ali, North Waziristan",33.009815,69.808502,"January January 2010",2010,"unknown",2,3," ",,2,3,"A car carrying the militants (UNCLEAR)","Reuters","http://ca.reuters.com/article/topNews/idCATRE5BU2KP20100101","Dawn","http://www.dawn.com/wps/wcm/connect/dawn-content-library/dawn/news/pakistan/07-drone-strike-kills-three-militants-in-n-waziristan-ha-04","Agence France Press","http://www.google.com/hostednews/afp/article/ALeqM5hob3b1MoWI6iNc0L3gcVwvgkZ3nA",
"Mosakki village, 25 km east of Miram Shah, in Mir Ali tehsil, North Waziristan",32.994267,70.207443,"January 3, 2010",2010,"unknown",2,5," ",,2,5,"use of well-known tribesman, Sadiq Noor in Mir Ali (UNCLEAR)","GeoTV","http://geo.tv/1-3-2010/56143.htm","Agence France Press","http://news.yahoo.com/s/afp/20100103/wl_sthasia_afp/pakistanusunrestmissile","AP","http://news.yahoo.com/s/ap/20100103/ap_on_re_as/as_pakistan",
"Ismail Khel village, in Datta Khel region, North Waziristan",33.003483,70.015182,"January 10, 2010",2010,"unknown",2,5," ",,2,5,"A militant training compound affiliated with Hafiz Gul Bahadur (TALIBAN)","AP","http://news.yahoo.com/s/ap/20100109/ap_on_re_as/as_pakistan_missile_strike","Agence France Press","http://news.yahoo.com/s/afp/20100109/wl_sthasia_afp/pakistanunrestnorthwestmissile","CNN","http://www.cnn.com/2010/WORLD/asiapcf/January 09/pakistan.drone.strike/",
"Tabi Tolkhel, 3 miles from Khost border OR Tapi, 9 miles east of Miram Shah",32.987354,70.280914,"February 17, 2010",2010,"Sheikh Mansoor",2,4," ",,2,4,"taliban compound","Reuters","http://uk.reuters.com/article/idUKSGE61G050._CH_.2420"">Reuters","Agence France Press","http://www.google.com/hostednews/afp/article/ALeqM5g2OJAO7roJL5wN1cFIOwnOffdkTA","GeoTV","http://geo.tv/2-17-2010/59452.htm",
"Khaddi village, nine miles east of Miram Shah, North Waziristan",32.292938,69.304504,"June 10, 2010",2010,"unknown",2,3," ",,2,3,"Compound used by militants (UNCLEAR)","AP","http://news.yahoo.com/s/ap/20100610/ap_on_re_as/as_pakistan","Agence France Press","http://news.yahoo.com/s/afp/20100610/pl_afp/pakistanunrestusmissile","Reuters","http://www.reuters.com/article/idUSTRE6593WR20100610",
"Khushali Khel, Mir Ali, North Waziristan",32.981022,70.293274,"June 26, 2010",2010,"unknown",2,4," ",,2,4,"House of Hameedullah; Hafiz Gul Bahadur-linked house (TALIBAN)","Daily Times of Pakistan","http://www.dailytimes.com.pk/default.asp?page=2010%5C06%5C27%5Cstory_27-6-2010_pg7_4","Tribune","http://tribune.com.pk/story/24125/drone-strike-kills-four-in-north-waziristan/","AP","http://www.google.com/hostednews/ap/article/ALeqM5hkiMxbHNH0BqgpWA2ZG6VD6wVTmAD9GJMU980",
"Toorikhel, Mir Ali, North Waziristan",32.984333,70.256622,"May 14, 2005",2005,"Haitham al-Yemeni",1,1,0,,1,1,"Haitham al-Yemeni","Washington Post","http://www.washingtonpost.com/wp-dyn/articles/A60743-2005May15.html","CNN","http://www.cnn.com/2005/WORLD/asiapcf/05/13/alqaeda.killing/index.html",,,
"Makeen, South Waziristan",34.809856,71.531296,"June 14, 2008",2008,"none",0,,1,1,1,1,"Baitullah Mehsud","GeoTV","http://www.geo.tv/6-15-2008/19301.htm",,,,,
"Chenagai, six miles north of Khar, Bajaur",34.801682,71.472588,"October 30, 2006",2006,"unknown",0,80," ",,0,80,"house of a taliban commander who harbored al Qaeda fighters","BBC","http://news.bbc.co.uk/2/hi/south_asia/6097636.stm","Reuters Alertnet","http://www.alertnet.org/thenews/newsdesk/ISL72506.htm",,,
"Danda Darpa Khel, outside Miramshah, North Waziristan",32.540447,69.854507,"October 22, 2008",2008,"unknown"," ",,,,0,0,"Jalaluddin Haqqani, head of the Taliban in North Waziristan, is based near Miramshah","Reuters","http://www.reuters.com/article/worldNews/idUSTRE49L80720081022",,,,,
"Karikot and Shin Warsak near Wana, South Waziristan",32.983322,70.087280,"December 22, 2008",2008,"unknown"," ",," ",,0,0,"Wana region is a stronghold of Mullah Nazir, a Taliban chieftain and rival of Pakistani Taliban leader Baitullah Mehsud","Times of India","http://timesofindia.indiatimes.com/World/At_least_eight_dead_in_Pakistan_missile_strike_Officials/articleshow/3873278.cms","Long War Journal","http://www.longwarjournal.org/archives/2008/12/us_strikes_in_two_vi.php",,,
"Karikot, near Wana, South Waziristan",32.539288,69.875793,"January January 2009",2009,"Osama al Kini and Sheikh Ahmed Salim Swedan, plus two unknown"," ",," ",,0,0,"Osama al Kini and Sheikh Ahmed Salin Swedan; Mullah Nazir, Baitullah Mehsud’s rival","Washington Post","http://www.washingtonpost.com/wp-dyn/content/article/2009/January 08/AR2009010803110.html","New York Times","http://www.nytimes.com/2009/January 09/world/asia/09pstan.html","The Nation (Pakistan)","http://www.nation.com.pk/pakistan-news-newspaper-daily-english-online/Politics/01-Jan-2009/5-killed-in-South-Waziristan-as-US-drone-fired-3-missiles-in-Karikot-officials",
"Raghzai area, near Wana, South Waziristan",32.288876,69.608688,"June 18, 2009",2009,"unknown"," ",,,,0,0,"Malang Wazir, local Taliban commander","GeoTV","http://www.geo.tv/6-18-2009/44382.htm","Al Jazeera","http://english.aljazeera.net/news/asia/2009/06/200961875855867303.html","New York Times","http://www.nytimes.com/2009/06/19/world/asia/19pstan.html?_r=2&amp;ref=world",
"Mantoi area, South Waziristan",32.622604,69.852448,"July 3, 2009",2009,"none",0,,0,,0,0,"Baitullah Mehsud (BM)","GeoTV","http://www.geo.tv/7-3-2009/45289.htm","Long War Journal","http://www.longwarjournal.org/archives/2009/07/13_taliban_fighters.php",,,
